<?xml version="1.0" encoding="UTF-8"?><bookmarks><file xmlns="http://www.w3.org/1999/xhtml" absolutepath="/Users/jona/Studienarbeit/speed test/simple_graph.m"></file><file xmlns="http://www.w3.org/1999/xhtml" absolutepath="/Users/jona/Studienarbeit/matlab/untitled.m"></file><file xmlns="http://www.w3.org/1999/xhtml" absolutepath="/Users/jona/Studienarbeit/matlab/WithoutSamplesParser.m"></file><file xmlns="http://www.w3.org/1999/xhtml" absolutepath="/Users/jona/Studienarbeit/matlab/WithSamplesParser.m"></file><file xmlns="http://www.w3.org/1999/xhtml" absolutepath="/Users/jona/Studienarbeit/matlab/app.mlapp"></file><file xmlns="http://www.w3.org/1999/xhtml" absolutepath="/Users/jona/Studienarbeit/matlab/config/HRVvariables.m"></file><file xmlns="http://www.w3.org/1999/xhtml" absolutepath="/Users/jona/Studienarbeit/matlab/config/HRVvariables.json"></file><file xmlns="http://www.w3.org/1999/xhtml" absolutepath="/Users/jona/Studienarbeit/matlab/config/setupHRVvariables.m"></file><file xmlns="http://www.w3.org/1999/xhtml" absolutepath="/Users/jona/Studienarbeit/matlab/setupHRVvariables.m"></file><file xmlns="http://www.w3.org/1999/xhtml" absolutepath="/Users/jona/Studienarbeit/matlab/WithouSamplesParser.m"></file><file xmlns="http://www.w3.org/1999/xhtml" absolutepath="/Users/jona/repos/Studienarbeit/matlab/app.mlapp"></file><file xmlns="http://www.w3.org/1999/xhtml" absolutepath="/Users/jona/repos/Studienarbeit/matlab/WithSamplesParser.m"></file><file xmlns="http://www.w3.org/1999/xhtml" absolutepath="/Users/jona/repos/Studienarbeit/matlab/setupHRVvariables.m"></file><file xmlns="http://www.w3.org/1999/xhtml" absolutepath="/Users/jona/repos/Studienarbeit/matlab/mainapp.mlapp"></file></bookmarks>