<?xml version="1.0" encoding="utf-8"?>
<ApplicationInstallerManifest>
   <DefaultInstallationDirectory>/Applications/DHBW_Stuttgart/HRVEvaluationTool/</DefaultInstallationDirectory>
   <ApplicationName>HRVEvaluationTool</ApplicationName>
   <ExecutableName>application/HRVEvaluationTool.exe</ExecutableName>
   <GUID>f14203e7-8817-4954-9940-f5cb4aee4694</GUID>
   <ApplicationIcon>default_icon_48.png</ApplicationIcon>
   <Logo>default_logo.png</Logo>
   <Version>1.0</Version>
   <InstallationNotes>In the following directions, replace MR/v911 by the directory on the target machine where MATLAB is installed, or MR by the directory where the MATLAB Runtime is installed.

If the environment variable DYLD_LIBRARY_PATH is undefined, set it to the following string:

MR/v911/runtime/maci64:MR/v911/sys/os/maci64:MR/v911/bin/maci64

If it is defined, set it to the following:

${DYLD_LIBRARY_PATH}:MR/v911/runtime/maci64:MR/v911/sys/os/maci64:MR/v911/bin/maci64
</InstallationNotes>
   <AuthorOrganization>DHBW Stuttgart</AuthorOrganization>
   <WelcomePanelText>HRVEvaluationTool 1.0
Tim Weiß, Jona Krumrein</WelcomePanelText>
   <MCRProducts>
      <MCRProduct>
         <ExternalProductIdentifier>35000</ExternalProductIdentifier>
      </MCRProduct>
      <MCRProduct>
         <ExternalProductIdentifier>35010</ExternalProductIdentifier>
      </MCRProduct>
   </MCRProducts>
</ApplicationInstallerManifest>