<?xml version="1.0" encoding="utf-8"?>
<productAdditionalComps>
   <dependsOn>
      <component>
         <name>HRVEvaluationTool</name>
         <locale/>
         <platformList>
            <platform>maci64</platform>
         </platformList>
         <version>1.4</version>
      </component>
   </dependsOn>
   <isControllingProduct>true</isControllingProduct>
   <platform>maci64</platform>
   <productName>HRVEvaluationTool</productName>
   <productNumber>5000</productNumber>
   <productBaseCode>HRVEvaluationTool</productBaseCode>
   <productVersion>1.4</productVersion>
   <releaseFamily>R2021b</releaseFamily>
   <releaseDescription>R2021b</releaseDescription>
</productAdditionalComps>